{"rank-no":{"ball_chaser":14.9324324324,"defender":14.5287356322,"enforcer":14.734375,"freestyler":15.5161290323,"playmaker":15.7108433735,"striker":14.65},"core_shots":{"ball_chaser":0.5584864865,"defender":0.3603563218,"enforcer":0.4085,"freestyler":0.4995645161,"playmaker":0.399,"striker":0.494775},"core_goals":{"ball_chaser":40.3599594595,"defender":25.231045977,"enforcer":29.61234375,"freestyler":38.1293387097,"playmaker":24.9138313253,"striker":46.9242625},"core_saves":{"ball_chaser":0.2507432432,"defender":0.2398505747,"enforcer":0.169421875,"freestyler":0.2153870968,"playmaker":0.186626506,"striker":0.200025},"core_assists":{"ball_chaser":21.2571891892,"defender":17.6122758621,"enforcer":17.727921875,"freestyler":19.1654516129,"playmaker":32.7846024096,"striker":16.17785},"core_shooting_percentage":{"ball_chaser":34.2192837838,"defender":27.2589885057,"enforcer":30.544796875,"freestyler":33.1212096774,"playmaker":26.5306506024,"striker":41.6721875},"boost_bpm":{"ball_chaser":372.5878378378,"defender":312.2885057471,"enforcer":345.4109375,"freestyler":362.6435483871,"playmaker":331.9975903614,"striker":329.4725},"boost_count_stolen_big":{"ball_chaser":0.6679594595,"defender":0.4509770115,"enforcer":0.75871875,"freestyler":0.6933225806,"playmaker":0.5724578313,"striker":0.57035},"movement_avg_speed_percentage":{"ball_chaser":65.5348243243,"defender":61.3972298851,"enforcer":63.697125,"freestyler":65.4562903226,"playmaker":63.5919036145,"striker":63.20245},"movement_percent_high_air":{"ball_chaser":4.6421486486,"defender":3.5188505747,"enforcer":3.531875,"freestyler":5.6165806452,"playmaker":3.8354337349,"striker":3.3540875},"positioning_percent_most_back":{"ball_chaser":31.7782027027,"defender":39.0952298851,"enforcer":32.278203125,"freestyler":33.8277096774,"playmaker":34.1135060241,"striker":34.3817875},"positioning_percent_most_forward":{"ball_chaser":35.4867162162,"defender":30.3901034483,"enforcer":36.450546875,"freestyler":34.3016935484,"playmaker":33.4349036145,"striker":32.9088125},"positioning_percent_closest_to_ball":{"ball_chaser":37.8035540541,"defender":30.9899770115,"enforcer":32.14578125,"freestyler":33.1017741935,"playmaker":32.3236144578,"striker":32.432825},"positioning_percent_infront_ball":{"ball_chaser":28.6413513514,"defender":25.7172643678,"enforcer":31.462640625,"freestyler":29.1916774194,"playmaker":28.3845662651,"striker":28.058375},"positioning_percent_defensive_third":{"ball_chaser":47.6782567568,"defender":53.1611264368,"enforcer":47.214875,"freestyler":47.2934193548,"playmaker":48.4755542169,"striker":48.9074875},"positioning_percent_offensive_third":{"ball_chaser":22.0885135135,"defender":17.8286666667,"enforcer":22.574671875,"freestyler":21.8539354839,"playmaker":20.7483373494,"striker":20.401525},"demo_inflicted":{"ball_chaser":0.1732567568,"defender":0.1183103448,"enforcer":0.273921875,"freestyler":0.1620645161,"playmaker":0.160626506,"striker":0.1535125}}